strategy,confidence_level,count,percentage
adaptive,very_high,172768,40.34043546786527
adaptive,medium,111405,26.01249197361508
adaptive,high,142885,33.362909345630726
adaptive,very_low,1217,0.28416321288891483
best_of_both,very_high,172768,40.34043546786527
best_of_both,high,171655,40.08055571770475
best_of_both,low,15428,3.602358297822661
best_of_both,medium,67207,15.692487303718405
best_of_both,very_low,1217,0.28416321288891483
db_first,very_high,172768,40.34043546786527
db_first,high,162879,38.031405055163155
db_first,medium,91411,21.34399626408266
db_first,very_low,1217,0.28416321288891483
fuzzy_first,very_high,172768,40.34043546786527
fuzzy_first,medium,111559,26.04845017803981
fuzzy_first,high,142731,33.326951141206
fuzzy_first,very_low,1217,0.28416321288891483
