strategy,method,count,percentage
adaptive,exact,172768,40.34043546786527
adaptive,fuzzy,49516,11.561730196719397
adaptive,cluster_database,102602,23.95703695055747
adaptive,fuzzy_fallback,15145,3.536279259821377
adaptive,cluster_database_fallback,87027,20.320354912147568
adaptive,no_match,1217,0.28416321288891483
best_of_both,exact,172768,40.34043546786527
best_of_both,cluster_database,217099,50.69149495067422
best_of_both,fuzzy_low_conf,15428,3.602358297822661
best_of_both,fuzzy,21763,5.081548070748934
best_of_both,no_match,1217,0.28416321288891483
db_first,exact,172768,40.34043546786527
db_first,cluster_database,254290,59.37540131924581
db_first,no_match,1217,0.28416321288891483
fuzzy_first,exact,172768,40.34043546786527
fuzzy_first,fuzzy,64978,15.17202731889557
fuzzy_first,cluster_database_fallback,189312,44.203374000350244
fuzzy_first,no_match,1217,0.28416321288891483
